Name,Company,Type,ID
Ada Lovelace,Analytical Engines Ltd,Speaker,1001
Tahmid Rahman,Sylhet Web Studio,Attendee,1002
Maximiliano Bartholomew Featherstonehaugh-Worthington,Very Long Company Name International Incorporated,Attendee,1003
Nusrat Jahan,Pixel & Code,Microsponsor,1004
Grace Hopper,COBOL Consulting,Volunteer,1005
Arif Hossain,,Organizer,1006
Farhana Akter,Surma Digital,Sponsor,1007
Linus Andersson,Kernel Coffee,Attendee,1008
Mei Tanaka,Hanami Hosting,Speaker,1009
Omar Faruque,Tea Garden Tech,Attendee,1010
Sadia Islam,Sylhet Web Studio,Volunteer,1011
Jonas Becker,Open Source Collective,Attendee,1012
Priya Chowdhury,Lotus Labs,Attendee,1013
Kamal Uddin,Freelancer,Attendee,1014
